"Date","Open","High","Low","Close","Volume","Volatility","LogReturn"
2025-10-19,3890.5834283928,4029.3553953978,3843.7730424158,3984.6496513793,32870655220.97,4.77003915730613,NA
2025-10-18,3833.0094101955,3927.2456415946,3822.2664724672,3890.3461852552,23815676384.85,2.73881845549775,-0.0239512442244028
2025-10-17,3894.3778026285,3950.5669878563,3678.6204740695,3832.5589390337,57404271887.61,6.98305422764197,-0.0149654369206438
2025-10-16,3987.1488445808,4079.6483005367,3829.6539310274,3894.7543902873,49147390730.91,6.27000343488766,0.0160979092530038
2025-10-15,4125.3611991281,4213.8560823295,3935.1614191387,3987.4595633605,50462889452.97,6.75564271195702,0.0235237075676284
2025-10-14,4245.372618354,4265.1055241262,3895.9736306384,4125.4121155962,67094148347.32,8.69492331231265,0.0340115943979775
2025-10-13,4164.0493048238,4292.8458420402,4061.2246597723,4245.4679886523,50253782420.3,5.56240249123806,0.0286861367559528
2025-10-12,3750.9461660378,4195.3972308897,3701.4781931559,4164.427884754,61216174681.4,13.1678519464207,-0.0192731547838267
2025-10-11,3840.9603535438,3882.2413852249,3652.7900876048,3750.611530842,62475475937.55,5.97380020880456,-0.104660002001362
2025-10-10,4369.0655944031,4395.5706404193,3460.2224970126,3843.0087946899,97736621123.22,21.4084252844569,0.0243366984977733
2025-10-09,4526.9609269677,4531.7167976926,4273.55968367,4369.1437535162,47903074595.95,5.702658321717,0.128311452422746
2025-10-08,4451.1079431076,4556.2218489655,4417.7682328218,4527.6481739748,40456628234.55,3.11054276628117,0.035635585289393
2025-10-07,4687.7098045352,4755.2200882427,4443.5715275816,4451.1516686731,54879425294.14,6.64820506507442,-0.0170397731444556
2025-10-06,4515.3006029651,4736.2092203282,4492.8699689232,4687.7714716055,44992456373.95,5.38921486744879,0.0517944389183747
2025-10-05,4489.0534464035,4616.5334391076,4472.1386430196,4515.4229801185,44880806324.3,3.21659783765073,-0.0374584377769374
2025-10-04,4514.9092676747,4519.526671007,4444.0126881219,4489.1972307563,21832270764.34,1.67254707477192,-0.0058249704933484
2025-10-03,4486.9345115802,4591.4436863822,4431.4790983999,4514.870454925,49603450229.51,3.56511973975667,0.00570259901158821
2025-10-02,4352.240536233,4517.6651033078,4336.5264880681,4487.9240417001,48074066058.4,4.16196241296169,-0.00598625098109906
2025-10-01,4146.0336095063,4351.1123940134,4125.5420627432,4351.1123940134,46161664723.13,5.44062958758938,-0.0309587081514895
2025-09-30,4217.055000846,4238.6714306587,4095.4435437931,4145.957727202,37679153329.73,3.39639598812124,-0.0482977172530905
2025-09-29,4141.356419171,4234.7827704481,4087.9273416449,4217.3415851884,38560429932.16,3.5460707540984,0.0170711555079919
2025-09-28,4018.6596594101,4143.0040923327,3969.7929522855,4141.4765020661,24631307053.8,4.31017191619121,-0.0181526061593456
2025-09-27,4035.9144643244,4038.4515898396,3975.7581113991,4018.6582363572,20382555776.24,1.5533896715275,-0.0301042924001642
2025-09-26,3868.6909517184,4069.1686724248,3868.4335626315,4035.8878258266,47873508327.81,5.18870885006044,0.0042782338362013
2025-09-25,4153.5209298063,4162.0623447362,3829.0108259988,3868.334060876,68963092030.56,8.01853474114869,-0.0424023695676023
2025-09-24,4165.4125766006,4206.9019297275,4081.3476172151,4153.4691550776,33538388785.46,3.01421072231133,0.0711199868863019
2025-09-23,4203.0215183661,4227.7315671691,4120.8153145207,4165.5039099082,32460075910.51,2.54379503367291,0.00289332905208006
2025-09-22,4451.5806532172,4457.0825687805,4092.3967072106,4202.877304239,58221334532.83,8.1922779789767,0.00893210809900147
2025-09-21,4482.5840160202,4499.3890919,4447.1193628613,4451.3289723137,19330306132.7,1.16606245085188,0.0574333338840471
2025-09-20,4470.9785670111,4509.8118894505,4459.1593688534,4482.2656017202,18056494321.84,1.13291799184269,0.00692593620979132
2025-09-19,4589.5056900603,4620.7928209427,4443.2647476704,4470.9170788336,30352619652.62,3.86813058445011,-0.0025350826335746
2025-09-18,4592.4427605281,4643.972430282,4556.2701311401,4589.9190472981,33497259157.97,1.90970913988735,0.0262688365302584
2025-09-17,4503.6356814111,4617.2346908668,4429.6444970622,4592.7333695858,44120899416.67,4.16530570132225,0.000612965023186973
2025-09-16,4526.0781988425,4537.5996783826,4428.330126307,4503.5646113406,32761501436.4,2.41422147994582,-0.0196061331301642
2025-09-15,4609.7230116142,4670.530051249,4469.8614373781,4526.8202452582,40224062008.78,4.35315990495124,0.00515054135509807
2025-09-14,4668.1713650971,4690.6418566728,4581.846964773,4609.5976124304,28394160274.52,2.330567654676,0.0181208069812566
2025-09-13,4714.703579182,4763.361237239,4609.1255299934,4668.1797951756,34843845976.8,3.27137654902919,0.0126286628233974
2025-09-12,4461.4792570091,4734.2737886287,4453.28473268,4715.2463099665,43839753626.28,6.29811414022061,0.0100319241590583
2025-09-11,4349.2003012397,4471.6986051888,4339.7166563778,4461.2333326552,35959212991.11,3.03462567068662,-0.0553758945850085
2025-09-10,4309.0915826679,4450.4181577939,4286.0623814924,4349.1461490643,39521365145.59,3.81416298884373,-0.0254457215272819
2025-09-09,4308.2832118592,4381.2266490583,4277.8528504265,4309.0415754543,30703320924.99,2.39941975836798,-0.00926403115935059
2025-09-08,4305.3811442077,4381.275038316,4279.971980202,4308.0723177354,32277142377.91,2.35294053466763,-0.000224961102986754
2025-09-07,4274.1668054703,4334.2744077192,4271.5340905199,4305.3476683497,17426783535.87,1.4678958509294,-0.000632652182520843
2025-09-06,4306.9732283384,4327.4397777543,4244.7550779829,4274.242062903,18108246446.49,1.91978671303001,-0.00725110237468307
2025-09-05,4298.8370518843,4484.3614556964,4258.0497653417,4306.9889316018,44163736675.93,5.26448636278274,0.00763224476337676
2025-09-04,4450.215912826,4483.4510120426,4268.5887707341,4298.7442224093,34919798552.38,4.82813071359626,-0.0019160974590875
2025-09-03,4324.696399006,4489.1985052792,4286.2060968628,4450.3889587396,35260873496.79,4.69379557980199,0.0346685600697754
2025-09-02,4314.3910880816,4414.9342503781,4260.4592762204,4325.3658398186,39884692333.99,3.58045830811289,-0.0284947747689248
2025-09-01,4389.6260794621,4490.3466308368,4221.2474557725,4314.4704289978,37530746508.04,6.13034391068851,-0.00252213497048537
2025-08-31,4374.8934336974,4497.1769815853,4373.5968927219,4390.0191302417,26683044983.7,2.82475655090318,0.0173589956862674
2025-08-30,4360.0889015889,4413.2749022347,4264.1954316483,4374.153377662,25883112278.16,3.41918419443403,-0.00362059735748765
2025-08-29,4507.6315433608,4513.8594977412,4272.4593945001,4360.1530059699,46899991962.03,5.35536458379465,-0.00320583754857751
2025-08-28,4503.6311645677,4629.0312807639,4435.1093005494,4507.1776761205,36045274077.94,4.30590279550822,0.0331640153327388
2025-08-27,4600.5102393215,4659.9875280606,4489.2977102011,4503.3928436231,43509902322.18,3.71023666898031,-0.000840087253454413
2025-08-26,4372.8802749653,4632.0732218517,4316.3005934442,4600.4267415471,53829747706.29,7.221158791273,0.0213179911568915
2025-08-25,4779.7694672139,4796.3501262192,4343.9472434266,4372.9877668349,63936163544.92,9.4649519374478,-0.0507025940977091
2025-08-24,4776.7047831539,4953.7329137686,4714.4728584323,4779.6473316152,52405003873.18,5.00889349871701,0.0889202887886444
2025-08-23,4831.0882030899,4831.610686537,4669.7249290239,4776.0903527934,36503623277.66,3.35091703375568,-0.00074446978424092
2025-08-22,4223.7308939878,4884.2280175715,4209.4722061336,4831.3487230165,75965521535.02,15.9753504277076,0.0115033734039525
2025-08-21,4334.5675592962,4338.8263941248,4205.7766224422,4223.2098532759,33618359941.64,3.06950508585919,-0.134530199749527
2025-08-20,4073.1682593067,4376.789495849,4064.9650478482,4334.5003930871,49577862965.42,7.65557492716679,0.0260108863596944
2025-08-19,4312.5303734145,4355.0752354721,4070.5354377299,4073.4642014243,50440367101.82,6.59797782518368,-0.0621125614460603
2025-08-18,4473.3304672639,4484.0095312098,4229.3796988368,4312.5050093174,53518423360.04,5.69217575666265,0.0570251513691638
2025-08-17,4426.2599161927,4575.876352397,4400.7135185798,4473.2715559761,31348101437.86,3.9573553549442,0.0366010887029447
2025-08-16,4439.9981821384,4493.149351283,4379.1643938576,4426.1803113344,26816931513.69,2.56722982193886,-0.0105830527239732
2025-08-15,4549.0754978462,4667.7302183239,4375.5453190434,4439.9886331233,55445715823.99,6.42295120005894,0.00311483641687005
2025-08-14,4756.0433482274,4788.5518029889,4461.2815133588,4548.1666260726,75681632805.73,6.881146063399,0.0240723961028007
2025-08-13,4590.6575179696,4784.6688542511,4566.2387206961,4756.2758757222,62550014641.51,4.75814483437242,0.0447407705388603
2025-08-12,4227.2072746256,4634.0551769273,4222.3622531402,4590.9250193365,57237189035.8,9.73912318561581,-0.0353834499397809
2025-08-11,4254.2313482658,4362.0927008388,4168.8749008553,4226.9670252014,49989853802.5,4.54177932900294,-0.0825968124744278
2025-08-10,4263.5525035647,4332.2102055308,4163.9402991604,4254.2175966744,36173931366.69,3.94670656054338,0.00642614598424807
2025-08-09,4009.1506729771,4323.7611472193,4007.7093203486,4263.5989346759,45279715746.34,7.88326138503564,0.00220275742269571
2025-08-08,3914.1106196013,4068.847641522,3882.4431822499,4009.8489940375,45460293892.34,4.76237075003995,-0.061360040705722
2025-08-07,3684.0619853703,3926.2042305579,3650.3659108269,3914.325937012,38627826065.72,7.48734198355988,-0.0241104430972712
2025-08-06,3612.0387970919,3698.1246900243,3567.0959925167,3683.9206273875,26924415762.5,3.62755509750042,-0.060665567229913
2025-08-05,3719.8178066416,3720.6565244075,3547.6209898787,3611.8993035851,32778742296.09,4.65172068964913,-0.0197438160675478
2025-08-04,3497.6129223344,3734.9775988486,3491.5549940154,3718.9860330916,30905749657.87,6.95967822164647,0.0292173025136222
2025-08-03,3392.7443524102,3520.8313565374,3357.9389396324,3497.3791070805,19363593864.91,4.80119926481586,-0.0614371979447608
2025-08-02,3487.9567001276,3535.5588470266,3370.9431897402,3392.7412703997,30165065282.06,4.71954417554488,-0.0303756324763391
2025-08-01,3696.1443773385,3722.5856125894,3432.3798560149,3488.3659315359,46261558199.7,7.85158064586942,0.027795183148136
2025-07-31,3808.2460282944,3877.4702798619,3685.0041536016,3696.7077813639,32839839444.42,5.05393099159877,0.0580092226244684
2025-07-30,3793.5825685226,3832.8841091624,3683.1445684189,3808.2016783566,34392494234.67,3.94718021919359,0.0297144425474443
2025-07-29,3788.3194726511,3883.9976950175,3716.883394445,3793.4549246853,35540435995.43,4.41130432052902,-0.00387988380442827
2025-07-28,3875.2557898802,3940.6520493334,3756.5159005689,3787.4256976649,35831336148.75,4.75158695963634,-0.00159064061076286
2025-07-27,3741.2572612588,3876.9335207483,3733.6816438724,3875.246471143,28897450393.68,3.82897691530844,0.0229227133740135
2025-07-26,3727.2372445381,3789.7897427136,3702.774166314,3741.3961036678,24635287360.9,2.3345864695657,-0.0351504347169218
2025-07-25,3708.0057054824,3744.8200042808,3579.962848808,3727.2668943161,42264509576.87,4.44597901316746,-0.00378360255677457
2025-07-24,3629.7315720529,3771.3814799124,3514.9993364041,3708.0057054824,40377960354.44,7.06339128442205,-0.00518104256734375
2025-07-23,3749.2384563066,3765.026361838,3532.8565628005,3629.703538566,41283228952.7,6.1924521937773,-0.0213432112727165
2025-07-22,3762.8820998718,3798.1003208867,3624.1404012449,3749.1454360316,45248868820.37,4.62304996608123,0.032376955162901
2025-07-21,3758.92057684,3856.7670768934,3705.3538614511,3763.3712526998,42611467662.53,4.02810360972266,0.00378723515998836
2025-07-20,3595.2404885739,3819.3987823385,3582.3495245631,3759.4714417888,44600451065.6,6.59341867473874,-0.00103679191994566
2025-07-19,3548.9259966784,3608.2757297644,3512.9730952921,3595.2736693016,26031719745.61,2.6853936813982,-0.0446582602727794
2025-07-18,3476.1239217243,3674.8552979649,3463.386221079,3549.0162446281,59198465810.11,6.08347347930573,-0.0129496623604091
2025-07-17,3371.5067228454,3521.6854072605,3315.9989356472,3476.784397665,47532846792.64,6.10072850276597,-0.0205626079409509
2025-07-16,3139.8897178037,3422.6030095746,3102.4778428906,3371.5067228454,46771354460.72,10.1954270835959,-0.0307480997412952
2025-07-15,3013.2935772868,3142.4272221797,2934.3712335532,3139.8897178037,39013656111.94,6.90460399194943,-0.0711720656277652
2025-07-14,2973.2251481336,3079.9855110516,2965.3237904037,3013.3508592513,36349290556.46,3.85647621472182,-0.0411349757425334
2025-07-13,2942.8535792374,3016.3934648688,2938.7365409779,2973.3589886215,17361753131.37,2.63883070631818,-0.0133604154955504
2025-07-12,2958.3337738103,2979.7799321359,2907.193557289,2942.9116629289,16317198253.87,2.45362357315785,-0.0102928335401407
2025-07-11,2954.8327786052,3038.141150031,2916.9564674111,2957.8861984773,36226558862.52,4.1012365741084,0.00507543828666179
2025-07-10,2770.7373013563,2995.1521563718,2757.266597427,2954.8452179122,33929201260.58,8.58564104321089,-0.00102862133219883
2025-07-09,2615.5057588635,2794.5186020188,2591.9469134308,2770.7776343245,27229452848.56,7.74502934667679,-0.0643182545471594
2025-07-08,2542.9727446559,2626.6644537649,2525.4377884757,2615.5057588635,17537487205.94,3.9806429503395,-0.0576705295665301
2025-07-07,2571.3952554574,2589.3249461783,2517.9035734122,2543.0132490453,18440266946.97,2.77753381610699,-0.0281077892149355
2025-07-06,2517.2800502273,2603.064593334,2505.3708080721,2571.2364783961,13190436110.06,3.88092636943907,0.011037206772067
2025-07-05,2508.0959398522,2529.8423612387,2489.0024262082,2517.2800211176,9289382302.08,1.62832427506368,-0.0212079413054633
2025-07-04,2590.8456286363,2601.1195462643,2475.7548780196,2508.5182007331,17222740208.98,4.83875483969635,-0.00348674135906357
2025-07-03,2570.7965512046,2635.1921204299,2558.5825399841,2591.0072738951,20873559425.27,2.9799939014973,0.0323544884058453
2025-07-02,2405.8575219728,2616.7836199661,2378.3935265069,2571.3354950049,22792512024.56,9.9087369589418,-0.00762129714704951
2025-07-01,2486.4284787067,2500.5919034504,2389.8158193747,2405.7928401072,15025451795.54,4.45522905743581,-0.06654589932179
2025-06-30,2500.6053913406,2521.7204588282,2438.0549138166,2486.4643327619,16859727663.03,3.34581159031838,0.032982242238047
2025-06-29,2437.1148322922,2523.3206528394,2417.6253585354,2500.9600353849,12500580478.82,4.33690250879927,0.00581291759853109
2025-06-28,2423.9253989525,2448.1916302027,2407.7617213909,2437.1094865049,8273074809.28,1.66795186144224,-0.0258619719234412
2025-06-27,2416.0230864247,2463.1546979432,2386.3249607935,2423.8668437067,15309834969.7,3.18000840229532,-0.005448566156117
2025-06-26,2419.1548124228,2519.6198376776,2399.5339376371,2416.146699528,18300413888.04,4.96396094304661,-0.0031901360014972
2025-06-25,2448.7373814525,2468.6778981074,2394.6074141098,2419.3102483686,17158118624.58,3.02484392808443,0.00130847997450978
2025-06-24,2421.830560694,2481.2229189284,2379.5694154056,2448.0088600947,19539047009.43,4.19738297024669,0.0117925057562553
2025-06-23,2228.4847041767,2434.2398190625,2191.4182489731,2421.8248913869,26247439428.72,10.8962637093401,-0.0107536406257163
2025-06-22,2298.8426686226,2313.8529474325,2116.6814805604,2228.213144898,28458151601.48,8.57698830647856,-0.0833213593769768
2025-06-21,2407.3477547466,2448.4116548944,2222.8126095218,2300.4956387858,16108791761.83,9.37126947811272,0.031924610883058
2025-06-20,2521.5263177752,2569.0145932767,2371.4744758724,2407.3042762144,22592586688.09,7.83414854771748,0.0453829690191201
2025-06-19,2524.4039414787,2546.7696102561,2486.1019157219,2521.6536702769,12782730709.36,2.40324828912536,0.0464073408073125
2025-06-18,2510.8168096452,2546.6274818193,2469.0502186679,2524.3015307665,19873957904.83,3.08972215150823,0.00104949831187273
2025-06-17,2540.3143779615,2617.901407601,2456.6489290116,2510.7614921028,25653232897.12,6.34773711428577,-0.00537831254175991
2025-06-16,2547.226895762,2680.0875951757,2517.1452744184,2540.6050663562,22792449577.22,6.3968514555338,0.0118161773224283
2025-06-15,2533.1832975252,2558.6776897713,2493.2045219589,2546.8371588019,13961893827.76,2.58462022374631,0.00244999168037907
2025-06-14,2579.7215143187,2580.1581535893,2491.4906818453,2533.4441915193,14285000472.85,3.43709471165212,-0.0052725419659847
2025-06-13,2651.9155605939,2651.9155605939,2443.9627146036,2579.486038699,37986747138.47,7.84160887625429,0.0180104518050346
2025-06-12,2773.5978126125,2784.262793898,2619.9665537204,2651.7952388213,25924959612.73,5.92357837284442,0.027646689963186
2025-06-11,2813.7397458841,2877.6292904417,2746.4599377971,2773.5293199848,30705408053.77,4.6617443150694,0.0448837726866591
2025-06-10,2681.2853293436,2824.8080126769,2658.6771446823,2813.5174722242,35555755055.15,6.19594140826744,0.0143148380783735
2025-06-09,2510.8380950887,2693.8065391692,2479.867906226,2681.5171951808,20605172559.53,8.52060646051502,-0.048052718066824
2025-06-08,2526.1933934895,2547.4670463726,2493.9201416849,2510.7870002709,12097170202.77,2.11966767175075,-0.0657865020203197
2025-06-07,2477.1832809676,2543.0487664147,2459.137208559,2526.5053936495,11664303387.31,3.38737785372601,0.00624083065503989
2025-06-06,2416.4549867012,2530.3918612371,2387.6087517435,2477.1948101373,19407449564.6,5.90878416024289,-0.0197102855505227
2025-06-05,2608.6072565384,2640.6041075435,2395.7536908185,2416.2855921517,26194462736.91,9.38625069416982,-0.0248953132690852
2025-06-04,2593.4826542677,2677.9705464726,2585.7377151597,2608.6430329852,18621211034.52,3.55633114264813,0.0765986936419782
2025-06-03,2607.1975995931,2652.4187771318,2582.2505360076,2593.2802593803,18291179016.33,2.69132808096905,-0.00590659162233376
2025-06-02,2536.1849280076,2615.5157003333,2477.292797788,2607.0974987606,16744168823.55,5.45003248851758,0.00531394930800477
2025-06-01,2529.0966040916,2547.7729616588,2472.5407947259,2536.2663088146,13287852481.91,2.974665610289,-0.0275444906622884
2025-05-31,2529.8340800535,2550.4836539901,2484.2156155201,2529.0873780335,13992843764.89,2.6194618450471,-0.00283452490448965
2025-05-30,2632.8360195978,2648.2606783507,2510.1639102079,2529.9436479287,24599403942.53,5.24517163677729,0.000338511425995058
2025-05-29,2681.8432967298,2784.7524673916,2620.9827839112,2632.6548758292,27567479810.57,6.10660897600163,0.0397957665738629
2025-05-28,2663.010302828,2688.7421970566,2611.1609002178,2682.2128400301,19087366067.61,2.9132931538572,0.0186493448902576
2025-05-27,2564.1408030283,2712.2851667482,2512.5887065505,2663.0697270642,26264200535.87,7.78804580317332,-0.00716265026891616
2025-05-26,2551.3807643825,2598.5666553775,2530.3215699785,2564.1384181332,14936610009.42,2.67482950219376,-0.0378569673079747
2025-05-25,2530.8901761275,2553.8691683707,2467.8801023772,2551.7638148435,14556431364.04,3.39758187868396,-0.00483771067553018
2025-05-24,2526.38800932,2575.1312600148,2516.0181532343,2530.6462312159,11380899855.94,2.33982692137661,-0.00831011467562259
2025-05-23,2664.0820452986,2731.2208080077,2504.8735848881,2526.4419813074,30536501878.09,8.49625571851447,-0.00166271605335488
2025-05-22,2552.7667910511,2691.102323047,2546.4348209186,2664.1570470923,26596978352.2,5.6670864975031,0.0530757211236654
2025-05-21,2524.1592029235,2614.0608794362,2454.5378171415,2552.3472007855,31952904125.33,6.31984948136153,-0.0428742958587325
2025-05-20,2529.1350860407,2585.6199183951,2446.4467515707,2524.1732121799,23453322577.82,5.50279688864986,-0.0110998383069827
2025-05-19,2498.8001678573,2545.4611872281,2353.4268867807,2529.1666716605,27351331811.33,7.68506033085741,0.00197630130593129
2025-05-18,2475.769504585,2585.6969286739,2344.6682464337,2498.2335542663,25005164865.17,9.73550574049107,-0.0123059658554219
2025-05-17,2536.2975676582,2537.7818073053,2449.0694382488,2475.7544701497,18830706229.93,3.49771139584419,-0.00903871784499088
2025-05-16,2547.058230274,2645.6078120419,2532.0271296911,2536.2975988505,21298907762.64,4.45928879837905,0.0241601934029054
2025-05-15,2610.0277867363,2645.0742005885,2482.2129171881,2546.8568767538,26637688883.37,6.23982948488258,0.00415462215146611
2025-05-14,2680.2622384313,2721.9499115008,2549.6849943939,2610.063120705,26602676587.68,6.42716651515872,0.0245144036743667
2025-05-13,2496.3373512576,2736.890090638,2418.3256055346,2680.129604376,33528741589.68,12.7612754319008,0.0264907479749263
2025-05-12,2510.2893351913,2620.8971419475,2411.5945061584,2496.3976889157,32121858920.52,8.33778930798629,-0.071016384884758
2025-05-11,2582.7105445325,2603.2644633239,2441.7308316345,2510.237906047,26496368543.02,6.25442258836789,0.00552876362719967
2025-05-10,2345.7603858159,2597.5434737718,2320.2351186358,2582.422704863,30265913403.28,11.8216829311638,0.0283504592728905
2025-05-09,2206.1282390533,2486.0067281744,2186.0544918405,2345.5072621678,43766026875.04,13.5963191542581,-0.0962262962159173
2025-05-08,1811.5463369158,2222.2055677641,1809.4569221941,2206.5146753165,37777245240.79,22.7843272434706,-0.061087494341443
2025-05-07,1815.0188898478,1849.6584854543,1788.6873700468,1811.6066452415,50540755038.65,3.35925514321302,-0.197200099798464
2025-05-06,1819.7339890887,1820.7965776715,1753.3154325012,1815.087467964,13206516310.18,3.70829723327275,0.00191955741656891
2025-05-05,1808.7048999912,1832.0507257283,1783.3148204788,1819.6974998047,11389336488.74,2.69451944591609,0.00253662010462463
2025-05-04,1833.6472066094,1849.9985270593,1804.4951574738,1808.5942798561,8918979887.03,2.48157712244114,-0.00612037580353775
2025-05-03,1842.7181465601,1848.2468817888,1812.8156720582,1833.8397115605,8344452620.45,1.92276880741318,0.0138620691656834
2025-05-02,1839.174819845,1869.5300891533,1814.7304225713,1842.7078282867,13570171871.71,2.97957899329104,0.00482416388131757
2025-05-01,1794.0410060881,1872.9395217592,1793.1511490282,1839.2215835716,15861442721.49,4.4474107592991,-0.00189370591718152
2025-04-30,1799.2090834497,1816.6899379324,1736.1429703484,1793.7753622537,14810431362.32,4.47679862918232,-0.0250198900408911
2025-04-29,1798.9121769531,1842.0331133691,1782.2812586047,1799.1756569895,14734257744.36,3.32155485575757,0.0030060520020756
2025-04-28,1792.4462035133,1827.48228733,1747.7268073738,1798.8517797249,17043640437.12,4.44953270005395,-0.000180030459006275
2025-04-27,1822.1755598262,1856.443870277,1785.902085681,1792.8650336325,11321944112.9,3.87129462996026,-0.00333364346234077
2025-04-26,1786.5329530372,1839.3630104067,1781.4738771609,1821.8811558834,11926379866.87,3.24030593151866,0.0160546516814701
2025-04-25,1770.0036763023,1826.6960807747,1740.3318919899,1786.6344969706,17459399280.52,4.87932256531934,-0.0195358885979493
2025-04-24,1795.9794805703,1801.6914146029,1724.7407800218,1769.8316871227,15207402758.94,4.28460544307917,-0.00944923078246607
2025-04-23,1757.1965379259,1829.709977089,1746.9240125515,1796.1041889031,22904644755.89,4.71125242684669,0.0147355297929632
2025-04-22,1579.8152141575,1773.6392019981,1542.0003234914,1757.3317029388,23747917554.97,14.6624033260897,-0.0218233990706658
2025-04-21,1587.460958383,1656.1195756454,1566.1475149166,1579.734555934,15403785610.72,5.66767077033795,-0.106539750413985
2025-04-20,1612.9661143546,1618.4367653849,1566.6915243639,1587.5142283326,7642784468.77,3.20807985738155,0.00491258412229723
2025-04-19,1588.9697809208,1629.0515194549,1585.4729851869,1612.9228087159,7168138699.95,2.74256532699738,0.0158785277994102
2025-04-18,1582.3971932118,1599.4168202893,1573.9039144175,1588.9246734554,7123507323.17,1.61229468689946,-0.0149904608419735
2025-04-17,1578.0142090793,1615.3068384679,1564.1957394894,1582.5483016142,11312160795.83,3.23895049134703,-0.0040210845137354
2025-04-16,1589.0310150513,1610.7820977191,1540.0337718236,1578.1053743846,15339621550.62,4.45229358177228,-0.00281139954670451
2025-04-15,1622.7718927935,1659.8361925272,1585.2290824207,1588.6324584921,13175452875.3,4.59751061981166,0.00664855977395806
2025-04-14,1596.8818489288,1689.8575457287,1596.0865089923,1622.7698983048,16518325094.07,5.87213367096021,0.0212609458004884
2025-04-13,1643.5011032957,1648.2867346548,1564.8388218276,1596.6857525708,13909890792.14,5.07744793476942,-0.0162044266685113
2025-04-12,1567.1557441535,1666.0175736076,1546.8195207785,1643.528527036,12110995012.86,7.60601192790095,0.0289153951855452
2025-04-11,1522.4729716422,1587.5385750578,1505.0019526192,1567.1498414994,14871838812.94,5.42122086736113,-0.0475868894950375
2025-04-10,1668.2018424709,1669.3941751424,1474.9141400078,1522.5187737981,21379604306.72,11.6580638015926,-0.0288925305394194
2025-04-09,1472.6014126378,1687.1880398805,1386.7993127909,1668.0400320881,39252195854.94,20.3985086875292,0.0912832522736142
2025-04-08,1554.9321177056,1617.339825299,1447.6101233218,1472.553129615,21315312919.22,10.9155698853045,-0.124651586576086
2025-04-07,1576.9497867014,1634.0411747919,1415.3734803131,1555.2409524507,46073959046.97,13.8664969755442,0.0546327698463793
2025-04-06,1805.9630169361,1815.574834001,1539.4380136682,1576.7280882451,22154445575.5,15.2902810159025,0.0137213827089306
2025-04-05,1815.3450193491,1826.2985962634,1767.5135896962,1805.9732407073,6374712478.76,3.23822777161543,0.135747768320313
2025-04-04,1815.6098530552,1833.956836174,1760.5885995426,1815.3352305868,18061720813.64,4.04096929238076,0.00517051270877023
2025-04-03,1794.9760194238,1844.0711051529,1751.3808810832,1815.6372608262,16450974372.86,5.16386977133289,0.000166363276401071
2025-04-02,1905.4846097142,1951.1803047187,1782.7602229877,1795.3132055131,22593742104.01,8.83870071017057,-0.0112570195160293
2025-04-01,1823.5623747635,1926.3030044112,1820.3503595705,1905.4914001311,15001220419.89,5.81020130196759,0.0595604336692235
2025-03-31,1806.3165007464,1852.5514409202,1778.692293073,1823.4800048352,15765030938.47,4.08893722759441,-0.0439931622000342
2025-03-30,1827.3110093867,1847.5705346317,1769.4127525521,1806.2186461858,9854857162.01,4.27720194745786,-0.0095112517243523
2025-03-29,1895.5496616399,1911.9008842639,1799.200857799,1827.3203233799,12194771784.6,5.94550640089269,0.0116150753333741
2025-03-28,2002.4105590261,2015.4543396031,1863.0106164465,1895.5028729189,18160526497.76,7.61301035241958,0.0366335820771191
2025-03-27,2008.9406101498,2037.3961435323,1987.7177510389,2002.357436246,11593274542.56,2.47286516298238,0.0548410329147648
2025-03-26,2067.5088360044,2078.3691213124,1982.4123813089,2009.1893459796,13178523590.48,4.64117677914948,0.00340612572138621
2025-03-25,2078.5679999968,2096.5183429355,2038.6445744692,2067.7642367492,11735658914.24,2.78430960480433,0.0287366144451058
2025-03-24,2005.7183843996,2101.9834344001,1978.7638019509,2077.4790642279,14044912401.69,6.14341641416849,0.00468722560275392
2025-03-23,1979.9836228541,2019.8893824676,1977.7092940604,2005.2992309006,7522339706.77,2.13032511584103,-0.0353618783419565
2025-03-22,1964.9404662231,2005.0411318183,1964.2710195567,1980.0378088165,6117036512.34,2.07487773611616,-0.0126773520814423
2025-03-21,1981.8529982473,1994.8914280445,1937.2116071852,1964.8474809995,9708125480.37,2.91039854672928,-0.0077013153891512
2025-03-20,2057.9512076438,2067.4837399502,1952.2433302258,1982.0998943118,13217865781.89,5.59976394466327,0.00874221090363836
2025-03-19,1932.5446028077,2068.7643992791,1928.2495156751,2057.7491339808,20065206265.54,7.27097751844138,0.0374558966126983
2025-03-18,1927.0057012509,1935.1819459255,1872.5088616552,1932.5434086744,10170844745.64,3.252355933852,-0.0627757683413117
2025-03-17,1887.4491655955,1951.6259387436,1880.4843522,1927.0029027556,10436892087.1,3.7691921901989,-0.00287106788083946
2025-03-16,1937.3847751486,1940.4744246466,1863.4890594037,1887.4350177086,9292997637.67,3.97367452404984,-0.0207471219466893
2025-03-15,1909.5281040834,1955.2383657619,1904.9657496776,1937.3946766174,6456484590.53,2.63272459707691,0.0261253464679037
2025-03-14,1862.9979774279,1945.0914456822,1861.1059079287,1909.4675210747,12122715282.13,4.5080852889305,-0.0145197018990526
2025-03-13,1909.0154311269,1919.6882440931,1823.5254513829,1862.9696474371,17977225564.11,5.0372978207638,-0.0246526192307579
2025-03-12,1919.6647848332,1954.5711142399,1832.0190276304,1908.9826851467,22898872950.77,6.38403577425361,0.0243986754030683
2025-03-11,1859.7776755424,1961.797777114,1760.9417913836,1919.8449490468,30898385862.7,10.7999998264212,0.00567395248847635
2025-03-10,2015.4304177963,2150.7062873051,1812.7668746905,1861.1513909157,35005066441.55,16.7676050550089,-0.0310491034932507
2025-03-09,2201.7086640568,2210.3136151092,1991.1934490119,2015.5091088434,16103964993.72,9.95227795913543,0.0796764993805192
2025-03-08,2139.7978520685,2232.3271588921,2107.7279967202,2201.5102217124,10533204814.2,5.82294080029349,0.0882717663088242
2025-03-07,2202.4981831134,2254.2325328969,2103.4727004982,2138.9874273084,22425792863.03,6.84494695862084,-0.0288110370232646
2025-03-06,2241.9065602636,2319.3961490391,2177.6768972608,2202.4768379958,18509069101.5,6.3213719202301,0.029250010292631
2025-03-05,2169.9867232695,2272.7972549273,2156.0994383452,2241.9773218864,22105432726.58,5.37781246911375,0.0177756469328756
2025-03-04,2145.6529493211,2220.3585208568,1996.7675487924,2170.015168597,33935738380.02,10.4206494407749,-0.0326240518075123
2025-03-03,2519.530960837,2522.3166107566,2097.0762840734,2145.5738939222,31473561910.03,16.8777575387259,-0.0113270914557591
2025-03-02,2216.5217501798,2548.8118448763,2175.3215669952,2519.6944727218,34854193845.11,16.8502870703075,0.160730586980593
2025-03-01,2237.9421065758,2279.8731430896,2144.0900574163,2216.6433281519,16135258238.92,6.06731895674714,-0.128143615898689
2025-02-28,2305.560103006,2310.9492015051,2076.1698644908,2237.9052417047,35737904666.91,10.1831800744727,0.00954623108787445
2025-02-27,2331.5102477674,2378.0873196872,2230.4483376131,2305.4843934633,24286213447.07,6.33233253919751,0.0297505349995184
2025-02-26,2493.381561102,2503.4222049707,2255.0548728937,2331.4526094027,28815111322.9,9.96106396035226,0.0112007074547247
2025-02-25,2514.2110107832,2529.6690961025,2326.6321339592,2493.592433124,40044790246.26,8.07557365998696,0.0672329041145527
2025-02-24,2820.4563582902,2839.0100874571,2478.8993296499,2513.8211930964,29127380459.41,12.7678188229618,0.00807956822653377
2025-02-23,2764.0310516293,2850.6104583106,2746.7736322033,2821.3102005204,20493767269.49,3.75671706170202,0.115397403991627
2025-02-22,2660.0357886077,2797.0578254615,2653.8675001682,2764.0293093467,16403164396.91,5.38302251069517,-0.0205118773561219
2025-02-21,2740.0221610783,2842.827045024,2616.919474609,2659.6555266804,31441524620.79,8.24473515667103,-0.0384928966500304
2025-02-20,2715.6826750023,2770.0304289613,2708.2159584491,2740.3865429063,15917259320.11,2.27620373621699,0.029902371343737
2025-02-19,2669.2133059543,2735.9176615063,2656.3756964386,2715.7709077319,15272401902.95,2.97997784179569,-0.00902312750592493
2025-02-18,2743.022951119,2754.6768040462,2606.9003104344,2669.3387495962,23004152927.66,5.38735899207533,-0.0172450745851824
2025-02-17,2663.2294764262,2848.7842279959,2640.1820642565,2743.1997499049,24170425078.31,7.8326770406328,0.0272942485852035
2025-02-16,2693.5623832114,2724.09637428,2655.2975549889,2663.3158479393,10593602116.57,2.55419439029566,-0.0295531251382375
2025-02-15,2726.074681712,2738.6811731312,2668.5316681696,2693.5597988453,10803019356.54,2.57327891389775,0.0112917582005236
2025-02-14,2675.9395139342,2790.0236747888,2666.2680202999,2726.0916324155,17732289901.14,4.62475529975462,0.0120052828886434
2025-02-13,2737.028655675,2756.4433329237,2615.6676678024,2675.9025200229,19481004624.97,5.14337563946995,-0.0185822328410845
2025-02-12,2602.8281094306,2794.8673942088,2551.1746066302,2736.9020036463,26919387954.35,9.36261548335248,0.0225399110158744
2025-02-11,2661.315754875,2724.9023095725,2565.397275361,2602.7820070465,21156550491.95,5.99346522182941,-0.0502457494304274
2025-02-10,2628.6502482734,2692.8086863671,2564.0185430528,2661.1668048351,19414208112.74,4.89947810283603,0.0221837993570038
2025-02-09,2632.5781153429,2695.2224396452,2530.4358200444,2628.7211134175,17517088275.7,6.25951490823422,-0.0122672157895778
2025-02-08,2623.0018923393,2665.4845163946,2591.7785058427,2632.308332463,17059263074.01,2.8099869377588,0.00136369493397392
2025-02-07,2688.897410239,2798.0288447888,2564.9681842454,2622.2111776681,29526663418.39,8.66751775861485,-0.00384323141391096
2025-02-06,2787.6586259853,2857.1419983154,2662.445884065,2688.4008590972,29500645692.02,6.9842165190361,0.0249286178904411
2025-02-05,2735.2257599192,2824.4002452398,2701.1049959141,2787.7789694742,31960764447.39,4.50768090635934,0.0362986698431511
2025-02-04,2883.8184480283,2888.249973705,2636.1657920424,2735.0512076664,48795275984.79,8.74133327758385,-0.0190950517195878
2025-02-03,2868.0786325622,2919.4772778708,2159.2805472236,2884.5666311078,92453553253.49,26.5054354513313,0.0532245153617925
2025-02-02,3118.6116927808,3161.8942509515,2755.4747161084,2868.6928684244,42060930305.44,13.0320660242476,-0.0055181946738081
2025-02-01,3298.8223501537,3329.6551659404,3103.9189869704,3118.3286253641,19917507078.5,6.84293226519101,0.083440681803574
2025-01-31,3247.8671705984,3437.5689837467,3214.9355101578,3298.2651884844,30128115902.13,6.85475919718358,0.0560994684984237
2025-01-30,3113.2899117718,3282.9862695081,3093.1238207439,3247.7799513503,19958405782.39,6.09845064689616,-0.0154249587483655
2025-01-29,3076.380017521,3177.9805623929,3055.1815883672,3112.998910374,22727786058.31,3.99167116306565,-0.0423851296008664
2025-01-28,3179.0869218388,3222.7374082538,3040.0923133513,3077.1126333315,20718206193.57,5.74520607309651,-0.0115948408474207
2025-01-27,3235.8552197218,3250.3965059762,3024.091649225,3178.9205191584,39412486481.55,6.99366446842008,0.0325499791909802
2025-01-26,3317.2915898188,3359.3124804246,3233.9221508927,3236.1341830842,14471528756.78,3.77990074543761,0.0178377842824222
2025-01-25,3309.7117569653,3349.2983595287,3270.2731113874,3317.2695057658,13744316078.39,2.38767765727608,0.0247625424573723
2025-01-24,3334.8083465932,3424.8998535904,3277.3231574435,3309.554998792,25578325670.73,4.42534265267936,-0.00232826762000826
2025-01-23,3240.4753073635,3346.7325186278,3184.0667965696,3334.7142017869,32419520084.49,5.01981057188019,0.00757324018145766
2025-01-22,3327.2374136111,3364.7460014243,3223.3859900143,3240.2245269346,22171220980.66,4.24857002484172,-0.0287443532399827
2025-01-21,3278.4361082006,3365.7781281242,3202.4925822768,3327.4062612887,32804001145.6,4.98059258922148,0.026550474138018
2025-01-20,3208.9338275588,3444.2827459666,3147.5229798998,3278.0353650873,52383187335.91,9.24792413973088,-0.0149488310971577
2025-01-19,3305.3979695991,3444.2066474488,3127.6230137731,3208.9643743573,57242875398.88,9.57777661229995,-0.0212960086041427
2025-01-18,3473.5637639912,3493.060140111,3228.3336912167,3305.7895906773,32420094038.2,7.62117717943151,0.0297270924136761
2025-01-17,3308.1910716378,3525.5433592391,3307.3109709423,3474.107275649,28200207229.11,6.59672865233744,0.0496621942285067
2025-01-16,3450.305230733,3458.180650757,3265.6758172563,3308.3452690441,26395516474.98,5.57935662578477,-0.0488894012485641
2025-01-15,3223.6846886379,3473.1015449816,3186.1398329913,3450.5376123693,25991614660.71,8.90166811294282,0.0420819029051938
2025-01-14,3135.6702801681,3254.7515220954,3126.8060094801,3223.6846292978,22847737223.63,4.08032417899631,-0.0680050484123367
2025-01-13,3266.0953628314,3335.1935020261,2920.5927049425,3135.4997200989,39911742769.2,12.6940811894782,-0.0277364384304857
2025-01-12,3282.1504541993,3298.0183618609,3224.5104778881,3265.9511514899,11647743556.47,2.23962566611629,0.0407624760259733
2025-01-11,3267.5225598779,3317.6541897689,3219.6988283325,3282.2177217399,11772144560.87,2.99784805280917,0.0049682908382831
2025-01-10,3219.496658042,3320.5005471421,3196.1103062498,3267.4900400932,26503845189.53,3.86365491579514,-0.00449721025865202
2025-01-09,3326.359608307,3355.8622246894,3159.3840691968,3219.4307348981,28815726275.84,5.90670217982237,-0.0148175648153952
2025-01-08,3381.6155298419,3413.682862577,3209.2146838422,3326.3292760284,34337730881.99,6.04646438752188,0.0326648229576261
2025-01-07,3688.3413573129,3701.1069163677,3358.0897774991,3381.5773155737,32235312545.23,9.30003775785279,0.0164728855743324
2025-01-06,3634.1137836192,3743.941767051,3611.2144289023,3688.6113395,23973574043.13,3.6522614879856,0.0869077944087451
2025-01-05,3657.7430587801,3673.813081444,3594.6168939247,3634.1036630331,12830306907.97,2.16516541065388,-0.0148875610203909
2025-01-04,3605.2007811691,3669.1967018081,3574.326983632,3657.7066852496,16060610758.64,2.6314683684645,0.00647386685185225
2025-01-03,3451.6808770033,3627.0556989718,3421.831557405,3605.0096583348,21877299254.73,5.94562906826349,-0.0145119124118391
2025-01-02,3353.4120591529,3493.4481681892,3348.3520908539,3451.3926926647,22243574697.77,4.32681921505204,-0.0435466212630047
2025-01-01,3332.4064147574,3366.5314942084,3310.2557667749,3353.5041743827,14195410493.37,1.68874142074285,-0.0287720072793078
2024-12-31,3356.3948050737,3444.3966344966,3311.412658042,3332.5317212232,20845452085.23,3.9621076833266,-0.00627352956867711
2024-12-30,3349.5859346876,3428.5274047258,3298.8045578913,3356.3926991904,26981583962.32,3.87280247063129,0.00713450404878024
2024-12-29,3397.8626458717,3406.6485385843,3321.6647259099,3349.513340318,13440907791.52,2.50109617519862,-0.00205173208367349
2024-12-28,3328.7745967712,3419.9202814856,3318.0338858914,3397.902272888,14305648522.6,3.06077785179646,0.0143431989129894
2024-12-27,3331.053665099,3436.7106407988,3302.575614754,3328.9168712443,24091627402.5,4.02680471498238,-0.0205112754581869
2024-12-26,3493.3041922207,3512.6043835272,3302.3063112783,3331.2258824951,22247726776.29,6.02003320286897,0.000693381937500348
2024-12-25,3491.9575379833,3542.833751548,3440.0970497188,3493.2352807716,17651873224.87,2.94209481964471,0.0474879522199672
2024-12-24,3415.738085911,3535.8576270973,3355.6090352451,3492.0497597155,23083678195.36,5.27700272440901,-0.000339433841457293
2024-12-23,3277.5141746011,3461.527898931,3217.3686777831,3415.7854103169,34496081389.08,7.4495244914575,-0.0220814325487435
2024-12-22,3336.998867258,3398.6575707821,3219.2948977546,3277.535187571,24780768375.24,5.37496955085519,-0.0413157822601686
2024-12-21,3472.5890541055,3552.9215815976,3293.5057171966,3337.2224715334,31579389835.69,7.47038766635238,0.0180471929730217
2024-12-20,3417.9301837478,3496.3273520853,3098.2036178716,3472.5534066558,66383827228.93,11.6480943966255,0.0397513097424724
2024-12-19,3619.5819221034,3717.6623812967,3330.8726515922,3417.9278681825,58879190249.81,10.6860333051871,-0.0158556944598001
2024-12-18,3886.8870791456,3902.7156363594,3617.8404567041,3618.7913736086,48946681636.27,7.32913444241144,0.0571056144405873
2024-12-17,3987.3339471829,4040.3380066691,3849.2866656205,3886.7660426368,35418700472.09,4.79145573406462,0.071437364963435
2024-12-16,3951.6527447567,4106.9556004971,3882.7053336645,3987.4810414282,46536359669.05,5.67484749590281,0.0255822532401027
2024-12-15,3868.441067495,3971.4980143827,3832.0965667527,3951.9411400849,25069616984.25,3.60355619221749,-0.00895282752740023
2024-12-14,3910.8478009605,3943.2781932384,3826.7620258968,3868.4052222836,28756190558.96,2.97930712908295,-0.0213645512263163
2024-12-13,3883.0301431214,3967.3951503651,3855.023599017,3911.2052321329,34895127658.57,2.89391395910642,0.0110032351670739
2024-12-12,3833.1720215177,3987.0058885982,3800.0907951391,3883.1015001391,42971675763.7,4.87625111552111,-0.00721137998573695
2024-12-11,3631.2761697041,3850.7654484998,3567.5664956564,3832.8220476388,35968053195.9,7.79888225539389,-0.0130328310980108
2024-12-10,3719.0004768885,3780.7535212259,3520.365192653,3631.8336303022,58416417598.82,7.00156749618794,-0.0538637058734714
2024-12-09,4006.1016852571,4008.7778541551,3525.2328756725,3718.6904564265,57029832059.49,12.0702123029503,0.0236339254113354
2024-12-08,4007.6905823719,4018.0001203804,3927.8539324031,4005.7045763055,20943378971.28,2.24933003495365,0.0743479107522713
2024-12-07,4006.0286890555,4029.4528231171,3974.1762250404,4002.6927008413,22574636760.61,1.37983530242097,-0.000752179369222006
2024-12-06,3792.2084820114,4093.1720244462,3782.6814245429,4005.8105426655,52853668565.95,8.18759309716576,0.000778632882305175
2024-12-05,3840.8445026121,3956.541482461,3683.4209601685,3811.0082524796,60568296605.67,7.11094974312954,-0.0498521554055582
2024-12-04,3620.0375778107,3895.1744071051,3617.7446808466,3841.3311664084,56799745752.06,7.66372503863017,0.00792517712035057
2024-12-03,3643.7421522686,3670.2197799715,3504.2263793216,3620.7116867755,36839829741.64,4.55557483798771,-0.0591483593750333
2024-12-02,3710.4953435232,3761.3429430885,3557.2522505385,3644.1985794337,47284967569.82,5.50036244907967,0.00646586774640312
2024-12-01,3706.619786368,3747.4552142022,3663.2340394129,3711.165095551,28018113529.8,2.27218273368754,0.0182093964281052
2024-11-30,3593.5982602218,3739.9347559685,3572.2540900977,3705.7052015214,30670867436.45,4.6660938070593,-0.0014722908173308
2024-11-29,3579.9107189196,3647.2644731384,3538.4467679694,3593.494300141,27622629485.66,3.03967650907899,-0.030748506661622
2024-11-28,3656.6097047787,3664.878239519,3531.8707020211,3579.8114770371,32362724275.81,3.63745513567054,-0.00381493278652201
2024-11-27,3326.0290807203,3687.0090251656,3303.5679910236,3657.2493022443,43383987190.82,11.5284931320853,0.0214011691085378
2024-11-26,3412.9508397174,3461.2930219499,3255.5430118377,3326.5174096597,39902959158.05,6.02850787411976,-0.0947853742760998
2024-11-25,3364.6014561404,3545.2788865761,3304.0939850256,3413.5439002968,51544793987.91,7.16830521220685,0.0258250847676535
2024-11-24,3396.9994079033,3451.8022197523,3288.430912048,3363.6598928297,27901454184.8,4.80928278421856,-0.0147213835936348
2024-11-23,3331.6455885381,3499.3708467621,3317.6548142185,3396.2234332679,38835184688.02,5.45424258716952,0.00963442436849959
2024-11-22,3360.6542356249,3428.4605135781,3262.8088826144,3331.6008755241,36775716441.96,4.92914829522466,-0.0192111274825759
2024-11-21,3072.0552366375,3388.5429453924,3035.8466188758,3361.0539269185,51619069348.12,11.4807937796926,0.0088016616442097
2024-11-20,3111.1170572108,3159.9494664912,3032.6033243842,3072.1879396184,29785491216.06,4.09326103020917,-0.0898646018417963
2024-11-19,3208.2503996211,3222.0043459424,3070.362752323,3111.3839903555,29823634431.84,4.72661341014121,0.0126776485029687
2024-11-18,3075.7228270916,3225.1305112502,3052.4911115481,3207.8563404704,35445557613.31,5.61297000436634,0.0305352671743826
2024-11-17,3133.3065969656,3160.1525814492,3039.2467181891,3075.6615116228,28348163224.27,3.85873068971895,-0.042082903499411
2024-11-16,3089.7398945639,3218.0896218805,3073.2862872586,3133.2738277678,26650658846.15,4.68658655949219,0.0185584054363268
2024-11-15,3059.526084759,3130.7038852765,3016.1441490148,3103.0404086342,32701369871.66,3.74436213609612,-0.00969600146719785
2024-11-14,3192.5204126261,3240.2707853284,3032.9719511049,3058.9487687218,35743352141.2,6.49326574087525,-0.014311090514747
2024-11-13,3244.5432200787,3337.877273168,3121.6660809664,3192.5960434937,52010205682,6.6638407176575,0.0427630752658015
2024-11-12,3375.1548706722,3444.1539951509,3211.1985553307,3246.2572583493,56686078065.75,6.90206668275948,0.0166683273370385
2024-11-11,3191.6569470349,3389.5293595573,3109.7694993181,3374.8128836903,55417771667.84,8.76534868508037,0.0388371610075229
2024-11-10,3130.7291719266,3249.913956614,3073.248690039,3191.3313560604,47418730186.93,5.64294312517244,-0.0559016981917893
2024-11-09,2962.7908945422,3156.3661442997,2957.1822576014,3131.1444628132,29210133087.6,6.72284659255634,-0.0190396019339722
2024-11-08,2895.5978094675,2983.7447713135,2889.4843938386,2962.2967416903,32303261100.85,3.25529937779012,-0.0554336870846841
2024-11-07,2724.0058384449,2918.7444858127,2701.5909321571,2895.5854943256,35352318437.59,7.97184611687802,-0.0227775598406463
2024-11-06,2422.5393860029,2743.9642326582,2421.8130583595,2724.1691663972,41887574364.09,13.2980778830695,-0.0610238453062841
2024-11-05,2397.0364205006,2478.6189302467,2380.6012748639,2422.6507300945,17894057485.17,4.08911831895862,-0.117301204828232
2024-11-04,2456.0951882475,2488.3503928129,2359.5780299046,2397.026458485,17110200696.29,5.24297118142977,-0.010633290174602
2024-11-03,2491.0943673784,2495.4365628974,2411.3983237824,2456.4251725634,15667779705.57,3.37354699265934,0.0244781176088651
2024-11-02,2512.2082038373,2522.3605828229,2471.9555451679,2491.0685912815,9639457439.24,2.00640367219598,0.0140046603752015
2024-11-01,2515.8702640669,2583.7771451103,2467.8193230813,2511.8855479732,20215438327.89,4.60905411877457,0.00832191391353554
2024-10-31,2657.2132100778,2667.5594816535,2501.5723457194,2515.7992216016,19760409505.25,6.24666230412275,0.00155684956327207
2024-10-30,2637.6401079489,2720.2714362284,2600.6096572045,2657.3725569813,22382690746.47,4.53669849284148,0.0547473390846855
2024-10-29,2565.4178485445,2680.0545304632,2560.1538265,2637.9575809217,22185845094.5,4.67373001365942,-0.00733289995202568
2024-10-28,2505.590509344,2587.4301416977,2470.2683395942,2565.348032837,18971841402.4,4.67601556066617,-0.0279108194164372
2024-10-27,2479.9371199692,2523.1713378215,2462.2719378473,2505.9406635993,9801434565.59,2.45568323018434,-0.0234299762750467
2024-10-26,2436.049942212,2503.2303974218,2427.4613090823,2479.6032088937,13597102184.02,3.11032573785,-0.0105656274975674
2024-10-25,2534.4548116328,2563.7340241729,2381.4507148571,2435.933985809,22560233078.41,7.19220987800391,-0.0177683009034064
2024-10-24,2523.6068343113,2559.1513554456,2506.7228925708,2534.4986484849,16128627601.19,2.07752103703222,0.0396655956240348
2024-10-23,2620.0886610189,2624.4503690539,2457.1699746625,2509.0987847857,17876984551.04,6.38453182444399,-0.0100722068992232
2024-10-22,2665.6567539956,2669.7901535752,2605.6186916254,2620.1975773667,15541911074.4,2.40734152488358,0.0433260873547141
2024-10-21,2746.3057102064,2765.5496235458,2655.2945080624,2665.7120469235,17328615363.41,4.01467014664998,0.0172214803786543
2024-10-20,2648.6656691776,2756.4367713382,2635.9458754274,2746.3639932057,14559296241.72,4.5491168369397,0.0298066460157216
2024-10-19,2641.4882327401,2661.872732448,2631.6570993484,2648.6568927929,8557834552.93,1.14388671980781,-0.0362251739261854
2024-10-18,2604.8144068044,2674.3717759163,2595.9589308784,2641.5522859586,17043738651.75,3.01030448975815,-0.00268594713950954
2024-10-17,2611.1920375727,2646.8740183401,2577.3060217227,2604.2734748503,15150712320.87,2.66422368084689,-0.0142129915712088
2024-10-16,2606.0195226844,2644.8542423975,2589.6068255401,2611.1020157232,17012396419.08,2.11999243967639,0.00261862057191653
2024-10-15,2629.0175720004,2685.1667611805,2537.9410329462,2606.02186875,22003780897.77,5.60002830723864,-0.00194749010808426
2024-10-14,2467.6474313979,2652.8817453672,2443.5529174965,2628.8998971244,21434687898.33,8.48293095712288,0.0087405982555202
2024-10-13,2476.5203273219,2484.1294447571,2436.9696173085,2467.6769628969,9189490605,1.90427782596069,-0.0632882613752095
2024-10-12,2436.5156703051,2488.2377132355,2434.2029396403,2476.5231023831,9372169184.29,2.21770679555834,0.0035783944051202
2024-10-11,2383.9400977886,2470.395766147,2380.5045941708,2436.5134816704,13489061564.18,3.77069759678883,-0.0162874851472692
2024-10-10,2368.2731115731,2417.2882084972,2329.7847354486,2383.8578440878,15327769939.94,3.69482187763711,-0.0218479982304416
2024-10-09,2439.8400502907,2470.9131306844,2350.94656833,2368.2835389024,14954047093.24,4.91698471545733,-0.00655467070147875
2024-10-08,2421.9809166899,2464.1273969729,2400.5108495443,2439.8409399284,14067361080.08,2.62663289335674,0.0297674010603766
2024-10-07,2439.9447200133,2520.4062916278,2405.134390679,2421.7967510959,17414044415.67,4.72436526956118,-0.00742312481360852
2024-10-06,2415.5316279425,2456.6306849146,2407.0994867432,2439.9578014551,8458690205.43,2.05052989571449,0.00747102085724283
2024-10-05,2414.8472449781,2427.5175001729,2390.8445148696,2415.6318483541,8152969183.08,1.51864617439321,-0.0100198568566237
2024-10-04,2349.7328747479,2440.2423164811,2339.8708421254,2414.7939387071,14879264082.24,4.27161212384487,-0.000346929936341667
2024-10-03,2365.2136356441,2402.8624712735,2311.02794283,2349.7911912798,18051447791.36,3.88271600753271,-0.0272874884432843
2024-10-02,2448.8772349748,2498.1213981869,2354.5392654594,2365.2317288844,20148256471.74,5.86318214228397,0.00654953032518701
2024-10-01,2603.2642632164,2657.6154844561,2415.0786957152,2448.9211886564,25482371784.59,9.31664111738083,0.0347715966628668
2024-09-30,2659.292706743,2662.4890256281,2576.9761665531,2603.0626884402,17826446788.58,3.21562417172696,0.0610411124509733
2024-09-29,2677.6285703543,2683.4457331945,2635.5850675801,2659.3468478149,11126215670.66,1.78742735808452,0.0213918378352993
2024-09-28,2695.8158683926,2704.9288248233,2652.2504068191,2677.5391024938,10252590558.91,1.95408071529789,0.00681758063110127
2024-09-27,2632.2420499386,2728.0677337785,2616.9509381378,2695.9005963054,17023020294.14,4.2213745367107,0.00683419422459064
2024-09-26,2579.2174920971,2665.9926560753,2559.9542421043,2632.1999118007,17336033594.71,4.11126298173415,-0.0239123566534536
2024-09-25,2654.3615838667,2672.461793629,2557.7243453866,2579.3885693151,14119729961.63,4.32260054318817,-0.0202675827005363
2024-09-24,2648.4822261637,2671.2758556519,2593.1521738987,2654.3549330008,16658812502.52,2.94975291815953,0.0286492798756557
2024-09-23,2582.7748253658,2701.6777912859,2541.9102931292,2648.5464300632,19912841455.92,6.18588568339759,-0.00219068953499058
2024-09-22,2615.8481007478,2632.0393358744,2528.52219639,2582.8624763883,13180663010.53,3.95730698027945,-0.0251127016704569
2024-09-21,2560.8795354746,2621.6224709641,2530.837995662,2615.8571459406,10797825021.27,3.54505059861299,0.0126935534030883
2024-09-20,2464.7823040751,2571.992554316,2439.3780413122,2561.072001704,19112788620.13,5.38037427421256,-0.0211659027775148
2024-09-19,2369.3747703527,2492.2045247855,2369.3747703527,2464.7521329287,18437147348.52,5.18405766659343,-0.0383346736596231
2024-09-18,2341.732903736,2369.7290255543,2278.6644501631,2369.7290255543,18159056421.8,3.88876866554318,-0.0393156344447663
2024-09-17,2295.2845221506,2392.1490836221,2263.7929198287,2341.7077628551,15356783862.9,5.59216787961149,-0.0118951370297067
2024-09-16,2320.8944391009,2334.7897195354,2253.7149932498,2295.2837746294,16819033263.42,3.49325350260254,-0.0200239914268261
